"Product Code","Product Name",Variant,Expected,Counted
00001,"Royal Canine Medium Adult 1kg",,0.0000,
00002,"Royal Canine Maxi Puppy 1kg",,0.0000,
00003,"Royal Canine Maxi Adult 1kg",,0.0000,
0671875797045,"Breath Bites Chicken",,10.0000,
0671875797052,"Breath Bites Beef",,6.0000,
0671875797069,"Breath Bites Lamb",,10.0000,
0671875797076,"Breath Bites Salmon",,6.0000,
0671875797083,"Breath Bites Seafood",,7.0000,
0671875797090,"Breath Bites Tuna",,10.0000,
0763163284327,"Holistic Dental Chew Milk",,54.0000,
0763163284334,"Holistic Dental Chew Mint",,50.0000,
0780348002187,"Holistic Dental Chew Milk Tea",,35.0000,
12345,"Free Cat Royal Canin",,0.0000,
123455,"Free Dog Royal Canin",,0.0000,
14121000,"ឆ្អឹង Daddy Dog 30cm",,0.0000,
1441000,"ឆ្អឹង Daddy Dog 10cm",,0.0000,
1481000,"ឆ្អឹង Daddy Dog 20cm",,0.0000,
1541000,"Daddy Dog ឆ្អឹងស្បែកគោ 10cm",,0.0000,
1561000,"Daddy Dog ឆ្អឹងស្បែកគោ 15cm",,0.0000,
18859387701173,"Juicy Bite Yellow",,40.0000,
18859387701180,"Juicy Bite Blue",,40.0000,
18859387701197,"Juicy Bite Purple",,0.0000,
18859387701203,"Juicy Bite Green",,0.0000,
211101,"Dog Chews 5cm Bone",,0.0000,
211103,"Dog Chews 10cm Bone",,0.0000,
211107,"Dog Chews 21cm Bone",,0.0000,
3182250702201,"Cat Fit 2 kg Royal Canine",,0.0000,
3182250771252,"Cat Gastrointestinal 2 kg Royal Canine",,0.0000,
3182550402149,"Maxi Puppy 4Kg Royal Canin",,0.0000,
3182550402224,"Maxi Adult 4Kg Royal Canin",,0.0000,
3182550402439,"Royal Canin Medium Puppy 1kg",,0.0000,
3182550402460,"Royal Canin Maxi Puppy 1kg",,0.0000,
3182550702379,"Kitten 400g Royal Canin",,11.0000,
3182550702423,"Kitten 2Kg Royal Canin",,4.0000,
3182550702447,"Royal Canine Kitten 4kg",,0.0000,
3182550704625,"Indoor Adult Cat 2Kg Royal Canin",,18.0000,
3182550707305,"Mother & Baby Cat 400g Royal Canin",,0.0000,
3182550707312,"Mother & Baby Cat 2kg Royal Canin",,5.0000,
3182550707329,"Royal Canine Mother Baby 4kg",,0.0000,
3182550708180,"Medium Puppy 4Kg Royal Canin",,5.0000,
3182550708197,"Medium Adult 4Kg Royal Canin",,0.0000,
3182550716826,"RC Poodle Adult 500g",,0.0000,
3182550727389,"Mini Adult 1.5kg Royal Canin",,6.0000,
3182550743174,"Poodle Adult 1.5Kg Royal Canin",,6.0000,
3182550752404,"Pug Adult 1.5Kg Royal Canin",,0.0000,
3182550765190,"RC Poodle Puppy 500g",,0.0000,
3182550765213,"Poodle Puppy 1.5Kg Royal Canin",,6.0000,
3182550771054,"Dog Gastrointestinal 2kg Royal Canine",,0.0000,
3182550778657,"Mini Starter 1Kg Royal Canin",,6.0000,
3182550778671,"Mini Starter 3Kg Royal Canin",,0.0000,
31825507813082,"Pug Puppy 1.5Kg Royal Canin",,0.0000,
3182550782388,"Mini Puppy 15kg Royal Canin",,1.0000,
3182550803229,"Medium Puppy 16kg Royal Canin",,0.0000,
3182550803342,"Medium Adult 16kg Royal Canin",,0.0000,
3182550803359,"Maxi Puppy 16kg Royal Canin",,0.0000,
3182550803373,"Maxi Adult 16kg Royal Canin",,0.0000,
3182550815512,"Puppy  Gastrointestinal 1kg Royal Canine",,0.0000,
3182550838344,"Mini Puppy 500g Royal Canin",,0.0000,
3182550838351,"Mini Puppy 1.5Kg Royal Canin",,12.0000,
3182550838368,"Mini Puppy 3Kg Royal Canin",,4.0000,
3182550879897,"Mini Adult 3kg Royal Canin",,4.0000,
3182550906258,"Kitten Gastrointestinal 2 kg Royal Canine",,0.0000,
3182550932707,"Starter 4kg Royal Canine",,2.0000,
3182550933346,"Mini Starter 3Kg Royal Canin",,0.0000,
3258561270012,"Belle France Dog Beef",,0.0000,
3258561270036,"Belle France Dog Chicken",,0.0000,
3258561270050,"Belle France Dog Lamb",,0.0000,
3258561270500,"Belle France Cat Beef",,0.0000,
3258561270562,"Belle France Cat Salmon",,0.0000,
3850477810204,"SmartHeart Roast Beef Dog Food 20KG",,5.0000,
4580626180042,"Hell Kitchen 2 Goat Milk Cat Porridge",,0.0000,
4580626180059,"Hell Kitchen 3 Cheese Chicken Cat Porridge",,0.0000,
4580626180202,"Hell Kitchen 4 Fish and Shrimp Cat Porridge",,0.0000,
4580626180219,"Hell Kitchen 1 Pumpkin and Ham Cat Porridge",,0.0000,
4901133056413,"Ciao Tower Chicken Tuna",,0.0000,
4901133056437,"Ciao Tower Bonito",,8.0000,
4901133056444,"Ciao Tower Chicken Fish",,16.0000,
4901133549915,"Ciao Petite Tuna",,6.0000,
4901133549922,"Ciao Petite Bonito",,6.0000,
4901133549939,"Ciao Petite Chicken",,6.0000,
4901133622052,"Ciao Cup Pudding Red",,6.0000,
4901133622069,"Ciao Cup Pudding Blue",,6.0000,
4901133622076,"Ciao Cup Pudding Orange",,6.0000,
4901133622083,"Ciao Cup Pudding Pink",,6.0000,
4901133625893,"Ciao Churu Bee Maguro",,0.0000,
4901133625909,"Ciao Churu Bee Chicken",,0.0000,
4901133625954,"Ciao Churu Bee Sasimi",,0.0000,
4901133630842,"Ciao ក្រហម បបរវីតាមីន ត្រីសមុទ្រ",,6.0000,
4901133630866,"Ciao លឿង បបរវីតាមីន សាច់មាន់",,6.0000,
4901133630873,"Ciao ខៀវ បបរវីតាមីន ត្រីសមុទ្រ និងខ្យង",,36.0000,
4901133632433,"Ciao Soft Bits Long Orange",,0.0000,
4901133632440,"Ciao Soft Bits Long Green",,0.0000,
4901133632457,"Inaba Wan Tube Green",,5.0000,
4901133632464,"Inaba Wan Tube Red",,5.0000,
4901133632471,"Inaba Wan Tube Yellow",,5.0000,
4901133635762,"Ciao Soft Bits Yellow",,12.0000,
4901133635779,"Ciao Soft Bits Long Purple",,0.0000,
4901133635984,"Ciao Soft Bits Green",,11.0000,
4901133636325,"Ciao Soft Bits Blue",,11.0000,
4901133716577,"Churu Creamy Treat Tuna Maguro",,6.0000,
4901133718274,"Churu Creamy Treat Squid",,12.0000,
4901133718373,"Churu Creamy Treat Scallop",,4.0000,
4901133718724,"Ciao Churutto Red",,0.0000,
4901133718731,"Ciao Churutto Stick",,0.0000,
4901133718748,"Ciao Churutto Blue",,0.0000,
4901133815171,"Ciao Cup Jelly Blue",,0.0000,
4901133815188,"Ciao Cup Jelly Orange",,6.0000,
4901133815195,"Ciao Cup Jelly Blue",,6.0000,
4901133815201,"Ciao Cup Jelly Pink",,6.0000,
4901133821240,"Inaba Jelly Stick Orange",,5.0000,
4901133821257,"Inaba Jelly Stick Pink",,5.0000,
4901133821264,"Inaba Jelly Stick Green",,5.0000,
4901133821271,"Inaba Jelly Stick Blue",,4.0000,
4901133863103,"Ciao Cup Gravy Red",,6.0000,
4901133863110,"Ciao Cup Gravy Blue",,6.0000,
4901133863127,"Ciao Cup Gravy Green",,6.0000,
4901133863134,"Ciao Cup Gravy Yellow",,6.0000,
4902397811138,"Cesar សាច់កំប៉ុង កូនឆ្កែ Puppy",,0.0000,
5010394984577,"Pedigree Denta Stix S",,0.0000,
5010394984584,"Pedigree Denta Stix M",,7.0000,
55500050,ចំណីកាំប្រម៉ា,,10.0000,
55500051,"Pet Heng Hamster Fruit Food",,10.0000,
55500052,"Pet Heng Sugar Glider Food",,17.0000,
5998749109113,"Pedigree Denta Stix L",,0.0000,
6922192903553,"បបរគ្រីមរសជាតិបន្លែ ល្ហុង",,100.0000,
6922192903560,"បបរគ្រីមរសជាតិបន្លែ ការ៉ុត",,99.0000,
6922192903577,"បបរគ្រីមរសជាតិបន្លែ  ដំឡូង",,199.0000,
6922192903584,"បបរគ្រីមរសជាតិបន្លែ ល្ពៅ",,0.0000,
6922192914412,"នំគ្រាម Hamster Strawberry",,0.0000,
6922192932317,"នំគ្រាម Hamster ការ៉ុត",,0.0000,
6922192944143,"ពោតគ្រាម Corn Hamster",,80.0000,
6922192949728,"Worm Hamster",,79.0000,
6922192968880,"Lollipops Hamster",,19.0000,
6922192974881,"នំអង្គាមរូបបាតជើង Hamster",,0.0000,
6922192983920,"Vegetable Hamster",,10.0000,
6922192986396,"ឈីស Cheese Hamster",,7.0000,
6935296402891,"Ciao 4 Cat Biscuit Purple",,0.0000,
6935296402907,"Ciao 2 Cat Biscuit Blue",,0.0000,
6935296402914,"Ciao 1 Cat Biscuit Yellow",,0.0000,
6935296402921,"Ciao 3 Cat Biscuit Pink",,0.0000,
6935296402938,"Ciao 5 Cat Biscuit Orange",,0.0000,
6935296403232,"Ciao 4 Cat Poridge Red",,0.0000,
6935296404420,"Ciao 3 Cat Poridge Purple",,0.0000,
6935296404437,"Ciao 2 Cat Poridge Pink",,0.0000,
6935296404796,"Ciao 1 Cat Poridge Yellow",,0.0000,
6935296418656,"Ciao បៃតង នំស្នូលគ្រីមសាច់មាន់លាយត្រីសមុទ្រ",,0.0000,
6935296497187,"Ciao ក្រហម បបរវីតាមីន ត្រីសមុទ្រ",,0.0000,
6935296497194,"Ciao ខៀវ បបរវីតាមីន ត្រីសមុទ្រ និងខ្យង",,0.0000,
6935296497200,"Ciao លឿង បបរវីតាមីន សាច់មាន់",,0.0000,
6935296498016,"Ciao ផ្កាឈូក ត្រីសមុទ្រ",,0.0000,
6935296498030,"Ciao ខៀវ ត្រីសមុទ្រ",,0.0000,
6935296498825,"Ciao លឿង នំស្នូលគ្រីមសាច់មាន់",,0.0000,
6935296498993,"Ciao លឿង សាច់មាន់",,0.0000,
6941903107936,កំប៉ុងដាំស្មៅឆ្មារ,,16.0000,
6948024003734,"Yaho Bone L Beef",,0.0000,
6948024003741,"Yaho Bone L Chicken",,0.0000,
6948024003765,"Yaho Bone M Beef",,0.0000,
6948024003772,"Yaho Bone M Chicken",,0.0000,
6948024003871,"Yaho Bone S Beef",,74.0000,
6948024003888,"Yaho Bone S Chicken",,73.0000,
6948024005639,"Yaho Bone L Beef",,35.0000,
6948024006650,"YaHo Bone Pack",,11.0000,
6951392556313,"ដើមជីឆ្មារ Catnip",,0.0000,
6954547202905,"Orgo នំរាងច្រាស់ ទឹកដោះគោ Brush Chew-Milk",,0.0000,
6954547202912,"Orgo នំរាងច្រាស់សាច់គោ Brush Chew-Beef",,0.0000,
6957919907040,"Orgo Dog Biscuits Round 125g",,22.0000,
6957919907903,"Orgo Dog Biscuits Bone 235g",,23.0000,
6957919911894,"ដើមអង្គាមម៉ាក សាច់គោ Vegebrand",,0.0000,
6957919911900,"ដើមអង្គាមម៉ាក សាច់មាន់ Vegebrand",,0.0000,
6957919911917,"ដើមអង្គាមម៉ាក ទឹកដោះគោ Vegebrand",,0.0000,
6971006301856,"Korean 21-Dr Dingo Wagyu Beef Jerky",,0.0000,
6971006302891,"Korean 22-Beef Liver Jerky",,0.0000,
6971006302914,"Korean 24-Milk Calcium Cookie",,0.0000,
6971006302969,"Korean 23-Dr Dingo Egg Yolk Skewer",,0.0000,
6972060282150,"នំច្រាស់ Milk",,0.0000,
6980777911645,"ជីឆ្មារ​ 40ml Catnip",,3.0000,
70001,"UK 7-10cm Chicken Beef Skin Bone",,0.0000,
70002,"UK 8-Fish Beef Donut",,0.0000,
70003,"UK 9-Fish Chicken Roll Stick",,0.0000,
70004,"UK 10-Chicken Beef Skin Pack",,0.0000,
70005,"UK 12-Chicken Beef Skin Shoes",,0.0000,
70006,"Korean 1.Cod Fish&Beef Jerky",,0.0000,
70007,"Korean 2.Chicken&Beef Stick",,0.0000,
70008,"Korean 3.Pure Chicken Chunk",,0.0000,
70009,"Korean 4.Fish&Beef Wrap",,0.0000,
70010,"Korean 5. Bone 20cm",,0.0000,
70011,"Korean 6.Bone 25cm",,0.0000,
70012,"Korean 11.Tuna Stick",,0.0000,
70013,"Korean 13.Chicken Shred",,0.0000,
70014,"Korean 14.Beef Strip",,0.0000,
70015,"Korean 15.Snow Chicken",,0.0000,
70016,"Korean 17.Japanese Fish",,0.0000,
70017,"Korean 18.Mackerel Fish",,0.0000,
70018,"Korean 19.Duck Liver",,0.0000,
70019,"Korean 20.Chicken Liver",,0.0000,
70020,"Korean 25.Chicken&Milk Cookie",,0.0000,
70365,"Dog Chew ឆ្អឹង5cm",,0.0000,
70366,"Dog Chew ឆ្អឹង7cm",,0.0000,
70367,"Dog Chew ឆ្អឹងគួច6cm",,0.0000,
70487,"Korean 26. សាច់ក្តាម Crab Stick",,0.0000,
70569,"Dog Chew 20cm Milk Bone",,0.0000,
70570,"Dog Chew 12cm Milk Bone",,0.0000,
70571,"Dog Chew 6cm Milk Bone",,0.0000,
70572,"Dog Chew 20cm Beef Bone",,0.0000,
70573,"ដើមស្បែកគោ23cm Stick",,0.0000,
70574,"ដើមស្បែកគោគ្រប់ពណ៌​ Stick",,0.0000,
70575,"Dog Chew ឆ្អឹងស្បែកគោ​15cm",,0.0000,
70576,"Korea 27.ឆ្អឹងស្បែកគោ15cm",,0.0000,
70577,"Korea 28.ឆ្អឹងសទឺកដោះគោ25cm",,0.0000,
70578,"Hotdog 100ដើម សាច់គោ",,0.0000,
70579,"Hotdog 100ដើម សាច់មាន់",,0.0000,
70592,"Dog Chew ឆ្អឹង12cm",,0.0000,
70665,"Hotdog 100ដើម លាយ",,0.0000,
70666,"Hotdog 30ដើម សាច់មាន់",,0.0000,
70667,"Hotdog 30ដើម សាច់គោ",,0.0000,
70668,"Hotdog 30ដើម លាយ",,0.0000,
70846,"មែកដើមផ្លែប៉ោម Apple Branch",,0.0000,
70871,"ham ham នំមូលស្រួយទឹកដោះពពែ",,0.0000,
70872,"នំ Good Boy",,0.0000,
70875,ផ្ទះកណ្តុររូបគោ,,0.0000,
70917,"Ham Ham នំស្រួយពងមាន់",,0.0000,
70927,"ខ្សែ7ពណ៍ ខ្សែមូល  7 color",,5.0000,
71288,"ជីឆ្មារកំប៉ុងធំ Catnip",,26.0000,
71331,"ចំណីដើមគ្រាម​ ស្មៅធីម៉ូសុី Timothy",,4.0000,
71332,"ចំណីដើមគ្រាម​ អំពៅ",,5.0000,
71333,"ចំណីដើមគ្រាម​​ ការ៉ុត",,5.0000,
71334,"ចំណីដើមគ្រាម​ ដុំស្មៅធីម៉ូសុី Timothy",,10.0000,
71335,"នំគ្រាម​ បន្លែគ្រប់មុខ",,7.0000,
71336,"នំគ្រាម​ 3រសជាតិ",,0.0000,
71400,"Ham Ham នំសាល់ម៉ុន",,0.0000,
71525,"ដុំស្មៅ Grass Ball",,10.0000,
8009470013017,"Monge Tuna",,8.0000,
8009470013031,"Monge Chicken Vegetable",,8.0000,
8009470013048,"Monge Duck",,8.0000,
8009470013062,"Monge Chicken",,8.0000,
8009470013093,"Monge Pork",,8.0000,
8009470013109,"Monge Fish",,8.0000,
811085031328,"Happi Doggy Honey",,0.0000,
8809552978698,"Korean 16-Korean Beef Hotdog",,0.0000,
8850125071483,"Party Mix Cheese",,16.0000,
8850125071506,"Party Mix Shrimp Chicken Beef Salmon",,14.0000,
8850125071520,"Party Mix Shrimp Crab Tuna",,16.0000,
8850229600442,"Regalos បបរឆ្មារ Kanikama",,0.0000,
8850229600466,"Regalos បបរឆ្មារ Katsuobushi",,24.0000,
8850229600480,"Regalos បបរឆ្មារ Tuna in Jelly",,0.0000,
8850229600565,"Super Cat Green កំប៉ុង",,0.0000,
8850229600862,"Regalos Kitten បបរឆ្មារ Tuna in Jelly",,24.0000,
8850229600886,"Regalos បបរឆ្មារ Chicken Fillet",,12.0000,
8850229600923,"Regalos Kitten បបរឆ្មារ Tuna Mousse",,24.0000,
8850229601111,"Regalos Tuna Meat",,0.0000,
8850238011857,"Sleeky ឆ្អឹង3",,0.0000,
8850238011864,"Sleeky ដើមអង្គាមមូល",,0.0000,
8850238016210,"Sleeky ម៉្សៅទឹកដោះគោឆ្កែ Milk Replacer",,34.0000,
8850238025328,"Buddy Hamster &Gerbil Food",,19.0000,
8850238025434,"Buddy Cleansing Powder",,10.0000,
8850238066024,"Sleeky Chewy Snack Beef",,10.0000,
8850238066048,"Sleeky Chew Stick Big Beef",,0.0000,
8850238066123,"Sleeky Chewy Snack Chicken",,11.0000,
8850238066147,"Sleeky Chew Stick Big Chicken",,0.0000,
8850238066222,"Sleeky Chewy Snack Lamb",,12.0000,
8850238066246,"Sleeky Chew Stick Big Lamb",,0.0000,
8850238066321,"Sleeky Chewy Snack Beef",,0.0000,
8850238066420,"Sleeky Chewy Snack Chicken",,0.0000,
8850238066529,"Sleeky Chewy Snack Lamb",,0.0000,
8850238066628,"Sleeky Chewy Snack Liver",,12.0000,
8850238066642,"Sleeky Chew Stick Big Liver",,0.0000,
8850238066727,"Sleeky Chewy Snack Bacon",,0.0000,
8850238066741,"Sleeky Chew Stick Big Bacon",,0.0000,
8850238066826,"Sleeky Chewy Snack Beef Cheese",,12.0000,
8850238066840,"Sleeky Chew Stick Big Cheese",,0.0000,
8850238066925,"Sleeky Chewy Snack Liver",,0.0000,
8850238067021,"Sleeky Chewy Snack Bacon",,0.0000,
8850238067120,"Sleeky Chewy Snack Beef Cheese",,0.0000,
8850238094515,"CocoKat ម្ស៉ៅទឹកដោះឆ្មារ Milk Replacer",,12.0000,
8850238171032,"Rabbit Feed",,22.0000,
8850238603021,"Sleeky Nugget Beef",,0.0000,
8850238603120,"Sleeky Nugget Chicken",,0.0000,
8850238603229,"Sleeky Nugget Lamb",,12.0000,
8850238603328,"Sleeky Nugget Bacon",,11.0000,
8850238963514,"Sleeky Gourmet Beef",,12.0000,
8850238963613,"Sleeky Gourmet Chicken",,12.0000,
8850238963712,"Sleeky Gourmet Liver",,12.0000,
8850477000179,"A Pro Rabbit Food Yellow",,27.0000,
8850477000995,"Me-O កំប៉ុង Mackerel",,47.0000,
8850477001565,"Optimum Pink 500g",,6.0000,
8850477001763,"Me-O Dried Food Kitten 6.8Kg",,3.0000,
8850477002364,"Me-O Dried Food Kitten 2.8kg",,6.0000,
8850477002630,"SmartHeart Power Pack Adult 3Kg",,8.0000,
8850477002654,"SmartHeart Power Pack Adult 20kg",,5.0000,
8850477002678,"SmartHeart Power Pack Puppy 3Kg",,8.0000,
8850477002692,"SmartHeart Power Pack Puppy 20kg",,5.0000,
8850477002982,"SM Pouch Chicken Vegetable",,12.0000,
8850477003569,"Zoi Dog 20kg",,0.0000,
8850477003743,"Me-O Soft Bits Salmon",,12.0000,
8850477012172,"Zoi Cat 20kg",,2.0000,
8850477012202,"MeO Kitten Persian 1.1kg",,5.0000,
8850477012400,"Me-O Soft Bits Shrimp",,6.0000,
8850477012691,"MeO Adult Persian 6.8kg",,0.0000,
8850477012714,"Me-O Soft Bits Tuna Chicken",,5.0000,
8850477013193,"SM Gold Adult Medium-Large Breed 3kg",,4.0000,
8850477013438,"SM Gold Adult Small Breed 3kg",,4.0000,
8850477013483,"SM Gold Salmon Adult Medium-Large Breed 3kg",,4.0000,
8850477013681,"Me-O បបរឆ្មារ​-តូច Creamy Treats Chicken & Liver",,10.0000,
8850477013698,"Me-O បបរឆ្មារ​-តូច Creamy Treats Salmon",,0.0000,
8850477013704,"Me-O បបរឆ្មារ​-តូច Creamy Treats Bonito",,12.0000,
8850477013711,"Me-O បបរឆ្មារ​-តូច Creamy Treats Crab",,0.0000,
8850477014350,"A Pro Rabbit Food Purple",,0.0000,
8850477014398,"SM Hamster Treat",,17.0000,
8850477014916,"SM Pouch Salmon",,108.0000,
8850477014947,"SM Dog Treat Grilled Beef",,0.0000,
8850477014954,"SM Dog Treat Fruit Veggie",,24.0000,
8850477014961,"SM Dog Treat Grilled Chicken",,0.0000,
8850477014992,"Me-O Gold Kitten 1.2kg",,0.0000,
8850477015043,"MeO Kitten Persian 6.8kg",,0.0000,
8850477015050,"Zoi Cat 1kg",,8.0000,
8850477015449,"Me-O កំប៉ុង Creamy Treat Chicken",,5.0000,
8850477015456,"Me-O កំប៉ុង Creamy Treat Salmon",,10.0000,
8850477015463,"Me-O កំប៉ុង Creamy Treat Tuna Bonito",,6.0000,
8850477015470,"Me-O កំប៉ុង Creamy Treat Crab",,8.0000,
8850477015685,"Luvcare Adult Small Breed Pink",,0.0000,
8850477015746,"Me-O បបរឆ្មារ​-ធំ Creamy Treats Chicken&Liver",,9.0000,
8850477015753,"Me-O បបរឆ្មារ​-ធំ Creamy Treats Salmon",,9.0000,
8850477015760,"Me-O បបរឆ្មារ​-ធំ Creamy Treats Bonito",,9.0000,
8850477015777,"Me-O បបរឆ្មារ​-ធំ Creamy Treats Crab",,8.0000,
8850477015913,"SmartHeart​ចំណីកំប៉ុង Chicken",,22.0000,
8850477015944,"SmartHeart​ចំណីកំប៉ុង Chicken & Vegetable",,23.0000,
8850477016699,"Luvcare Adult Small Breed",,6.0000,
8850477016903,"SmartHeart បបរ​-ឆ្កែ Creamy Treats Chicken&Spinach",,23.0000,
8850477016910,"SmartHeart បបរ​-ឆ្កែ Creamy Treats Chicken&Pupmkin",,25.0000,
8850477016927,"SmartHeart បបរឆ្កែ Creamy Treats Chicken&Carrot",,29.0000,
8850477016934,"SmartHeart បបរ​-ឆ្កែ Creamy Treats Strawberry",,24.0000,
8850477016996,"LuvCare Puppy Small Breed 2KG",,10.0000,
8850477017009,"LuvCare Puppy Small Breed 9kg",,1.0000,
8850477017436,"LuvCare Adult Medium Breed 3KG",,0.0000,
8850477017474,"LuvCare Puppy Medium Breed 2KG",,18.0000,
8850477017764,"Smartheart Life Mother&Baby",,5.0000,
8850477017849,"Optimum Orange 400g",,7.0000,
8850477017917,"SM Gold Mother Baby Dog 1.5kg",,6.0000,
8850477018105,"SM Pouch Bacon Egg",,120.0000,
8850477018143,"SM Pouch Bulgogi",,24.0000,
8850477018600,"Me-O Creamy Treat Magaro",,10.0000,
8850477018617,"Me-O Creamy Treat katsuo",,11.0000,
8850477018624,"Me-O Creamy Treat Scallop",,0.0000,
8850477018679,"Me-O Dried Food Mother & Baby 1.1KG",,10.0000,
8850477020313,"SmartHeart Goat Milk 400ml",,0.0000,
8850477020368,"Zoi Cat Tuna 20kg",,0.0000,
8850477020375,"Me-O កំប៉ុង Creamy Treat Tuna Maguro",,7.0000,
8850477020399,"Me-O កំប៉ុង Creamy Treat Tuna Scallops",,8.0000,
8850477020528,"Me-O Creamy Treat Chicken Liver Goat Milk",,12.0000,
8850477020535,"Me-O Creamy Treat Tuna Goat Milk",,10.0000,
8850477020658,"Zoi Dog 1kg",,20.0000,
8850477021679,"Smartheart Life Adult",,3.0000,
8850477021730,"Smartheart Life Puppy 1.5kg",,5.0000,
8850477022829,"SM Pouch Chicken Teriyaki",,0.0000,
8850477023475,"SmartHeart​ចំណីកំប៉ុង Puppy Chicken Egg & Carrot",,20.0000,
8850477023482,"SM Pouch Roasted Duck",,96.0000,
8850477024038,"Zoi Dog New 20kg",,1.0000,
8850477024113,"Me-O delite Chicken",,21.0000,
8850477024120,"Me-O delite Tuna Chicken",,24.0000,
8850477024137,"Me-O delite Tuna",,24.0000,
8850477024144,"Me-O delite Tuna goat milk",,13.0000,
8850477024151,"Me-O delite chicken goat milk",,24.0000,
8850477025028,"SM Gold Indoor Puppy Small Breed 1kg",,23.0000,
8850477025059,"SM Gold Indoor Adult Small Breed 1kg",,24.0000,
8850477025493,"នំឈីស Cheddar Cube",,0.0000,
8850477027718,"SmartHeart Goat Milk 160ml",,46.0000,
8850477051157,"MeO Adult Persian 1.1kg",,6.0000,
8850477054073,"Me-O Dried Food Mackerel 7kg",,1.0000,
8850477054158,"Me-O Dried Food Mackerel 1.2KG",,12.0000,
8850477054202,"Me-O Mackerel 20kg",,2.0000,
8850477054509,"Me-O Dried Food Mackerel 450G",,17.0000,
8850477055155,"Me-O Dried Food Kitten 1.1kg",,12.0000,
8850477055506,"Me-O Dried Food Kitten 400g",,18.0000,
8850477056077,"Me-O Dried Food Seafood 7kg",,3.0000,
8850477056152,"Me-O Dried Food Seafood 1.2KG",,12.0000,
8850477056206,"Me-O Seafood 20kg",,3.0000,
8850477056503,"Me-O Dried Food Seafood 450G",,18.0000,
8850477059078,"Me-O Dried Food Tuna 7KG",,0.0000,
8850477059153,"Me-O Dried Food Tuna 1.2KG",,11.0000,
8850477059207,"Me-O Tuna 20kg",,5.0000,
8850477059504,"Me-O Dried Food Tuna 450G",,18.0000,
8850477111028,"Optimum Pink 200g",,0.0000,
8850477111202,"Optimum Pink 20g",,0.0000,
8850477163157,"Optimum Hi Pro Blue 1.5kg",,5.0000,
8850477166165,"Optimum Hi Pro Green 1.5kg",,5.0000,
8850477515406,"Me-O កំប៉ុង Seafood",,34.0000,
8850477516403,"Me-O កំប៉ុង Sardine",,4.0000,
8850477517400,"Me-O កំប៉ុង Tuna in Jelly",,48.0000,
8850477540033,"Me-O Dried Food Seafood 3KG",,7.0000,
8850477552036,"Me-O Dried Food Gourmet 2.8kg",,8.0000,
8850477552074,"Me-O Dried Food Gourmet 6.8kg",,2.0000,
8850477552159,"Me-O Dried Food Gourmet 1.1KG",,12.0000,
8850477552203,"Me-O Gourmet 19kg",,4.0000,
8850477552500,"Me-O Dried Food Gourmet 400g",,17.0000,
8850477554030,"Me-O Dried Food Mackerel 3kg",,8.0000,
8850477582804,"Me-O Wet Food Sardine",,52.0000,
8850477585805,"Me-O Wet Food Kitten Tuna with Sardine",,28.0000,
8850477590038,"Me-O Dried Food Tuna 3KG",,7.0000,
8850477592803,"Me-O Wet Food Tuna",,42.0000,
8850477592810,"Me-O Wet Food Kitten Tuna in Jelly",,24.0000,
8850477802032,"SM Gold Holistic Large Breed 3kg",,4.0000,
8850477810037,"SmartHeart Roast Beef Dog Food 3kg",,4.0000,
8850477810051,"SmartHeart Roast Beef Dog Food 1.5KG",,9.0000,
8850477810501,"SmartHeart Roast Beef Dog Food 500G",,17.0000,
8850477811027,"SmartHeart Puppy Dried Food Beef&Milk 1.5KG",,9.0000,
8850477811201,"SmartHeart Puppy Dried Food Beef&Milk 15KG",,4.0000,
8850477811355,"SmartHeart Puppy Dried Food Beef&Milk 3KG",,8.0000,
8850477811508,"SmartHeart Puppy Dried Food Beef&Milk 500G",,17.0000,
8850477814400,"SmartHeart​ចំណីកំប៉ុង Beef&Liver",,22.0000,
8850477816459,"SM Pouch Beef",,120.0000,
8850477822030,"SM Gold Holistic Small Breed 3kg",,4.0000,
8850477833159,"SM Pouch Puppy",,144.0000,
8850477833456,"SM Pouch Chicken",,24.0000,
8850477834408,"SmartHeart​ចំណីកំប៉ុង Chicken & Liver",,23.0000,
8850477837157,"SmartHeart Cat dried food tuna&chicken 1.2kg",,5.0000,
8850477837454,"SM Pouch Chicken Liver",,108.0000,
8850477857100,"SM Dog Treat Charming",,0.0000,
8850477858107,"SM Dog Treat Dental Care",,0.0000,
8850477859104,"SM Dog Treat Happy Joint",,24.0000,
8850477898158,"SmartHeart Cat dried food tuna&shrimp 1.2kg",,6.0000,
8850781903081,"Daisuki Katkun Tuna",,12.0000,
8850781904521,"Katkun Cube Salmon",,12.0000,
8850781906075,"Ag-Science ម្ស៉ៅទឹកដោះពពែ",,22.0000,
8850781907324,"Daisuki Katkun Chicken",,12.0000,
8850781907331,"Daisuki Katkun Shrimp",,0.0000,
8850781907348,"Daisuki Katkun Salmon",,12.0000,
8850781907461,"Gold Goat Milk Powder",,23.0000,
8850781908659,"Kanulac ទឹកដោះពពែ Goat Milk",,0.0000,
8850781909106,"Daisuki Katkun Stick Chicken",,12.0000,
8851393000205,"Temptations Blue",,10.0000,
8851393000212,"Temptations Light Blue",,11.0000,
8851393000229,"Temptations Green",,10.0000,
8851393000243,"Temptations Yellow",,0.0000,
8851393000922,"Sheba Creamy Katsuo Salmon",,6.0000,
8851393000984,"Sheba Creamy Tuna",,8.0000,
8851393001011,"Sheba Creamy Katsuo",,8.0000,
8851393002247,"Sheba Creamy Tuna Katsuo",,7.0000,
8851393003169,"Tasty Bites Beef",,0.0000,
8851759450385,"Meat as Meal Chicken",,6.0000,
8851759450415,"JerHigh Fish",,18.0000,
8851759450453,"JerHigh Liver",,5.0000,
8851759450804,"Meat as Meal Beef",,4.0000,
8851759450934,"Jerhigh pouch Chicken Beef",,0.0000,
8851759452211,"JerHigh Duck",,8.0000,
8851759452303,"Jerhigh Flexi-Kare",,0.0000,
8851759453997,"Meat as Meal Grilled Chicken and Liver",,6.0000,
8851759454628,"Meat as Meal Pumpkin",,6.0000,
8851759455908,"Meat as Meal Salmon",,6.0000,
8851759456387,"Meat as Meal Strawberry",,6.0000,
8851759456394,"Meat as Meal Chicken with Spinach",,5.0000,
8851759457018,"JerHigh Beef Stew ស៊ុបប្រអប់",,6.0000,
8851759457025,"JerHigh Chicken Stew ស៊ុបប្រអប់",,6.0000,
8851759457032,"JerHigh Lamb Stew ស៊ុបប្រអប់",,6.0000,
8851759457049,"Panna Cotta Pumpkin",,0.0000,
8851759457056,"Panna Cotta Wheat Grass",,12.0000,
8851759457063,"Panna Cotta Cranberry",,11.0000,
8851759457070,"Panna Cotta Chicken Tuna",,11.0000,
8851759457087,"Panna Cotta Bluberry",,11.0000,
8851759459043,"JerHigh Bed Time Stick",,0.0000,
8851759459050,"JerHigh Morning Time Stick",,0.0000,
8851759711196,"JerHigh Beef",,14.0000,
8851759723052,"Jerhigh Hotdog Beef",,0.0000,
8851759911107,"JerHigh Salami",,0.0000,
8851759911114,"JerHigh Bacon",,11.0000,
8851759911121,"JerHigh Stick",,7.0000,
8851759911145,"JerHigh Strip",,10.0000,
8851759911619,"JerHigh Chicken",,10.0000,
8851759913149,"JerHigh Blueberry",,0.0000,
8851759913156,"JerHigh Strawberry",,0.0000,
8851759921014,"JerHigh Milk",,1.0000,
8851759931013,"JerHigh Carrot",,8.0000,
8851759941234,"Jerhigh Hotdog Chicken",,0.0000,
8851759941241,"Jerhigh Hotdog Chicken Vegetable",,2.0000,
8851759941258,"Jerhigh Hotdog Liver",,0.0000,
8851759961102,"Jerhigh pouch Chicken Liver",,24.0000,
8851759961133,"Jerhigh pouch Grilled Chicken",,48.0000,
8851759961140,"Jerhigh pouch Chicken Vegetable",,0.0000,
8851759961157,"Jerhigh pouch Roast Duck",,36.0000,
8852021012041,"Bellotta Pouch Blue",,0.0000,
8852021012058,"Bellotta Pouch Red",,12.0000,
8852021012065,"Bellotta Pouch Silver",,12.0000,
8852021012072,"Bellotta Pouch Green",,12.0000,
8852021705622,"Bellotta Pouch Yellow",,12.0000,
8852021705691,"Bellotta Pouch Purple",,12.0000,
8852021705714,"Bellotta Pouch Light Blue",,12.0000,
8852021705738,"Bellotta Pouch Orange",,12.0000,
8852070028826,"Delicio Salmon BBQ",,24.0000,
8852070028833,"Delicio Salmon Salmon Liver",,0.0000,
8852070028840,"Delicio Salmon Milk",,18.0000,
8852070028857,"Delicio Salmon Vegetable",,12.0000,
8852070030409,"Goodies Energy Treat 5",,2.0000,
8852070030713,"Goodies Energy Treat 1",,0.0000,
8852070030720,"Goodies Energy Treat 3",,2.0000,
8852070030737,"Goodies Energy Treat 4",,2.0000,
8852070032724,"Goodies Energy Treat 2",,2.0000,
8852070034148,"Goodies Long Lasting Bacon",,0.0000,
8852070034155,"Goodies Long Lasting Chicken",,0.0000,
8852070034162,"Goodies Long Lasting Liver",,0.0000,
8852070034186,"Goodies Long Lasting Salmon",,0.0000,
8852523005992,"Pet8 Dog Cookies",,22.0000,
8853301001489,"Temptations Purple",,6.0000,
8853301002684,"Tasty Bites Milk",,5.0000,
8853301002714,"Tasty Bites Chicken",,4.0000,
8853301004916,"Whiskas Tasty Mix Chicken Tuna",,0.0000,
8853301004954,"Whiskas Tasty Mix Seafood Cocktail",,0.0000,
8853301004992,"Whiskas Tasty Mix Chicken Salmon",,0.0000,
8853301005036,"Whiskas Tasty Mix Tuna Kanikama",,0.0000,
8853301005531,"Whiskas 2.7kg Kitten Ocean Fish",,29.0000,
8853301006019,"Pedigree Pouch Puppy Beef Egg Vegtable",,0.0000,
8853301008082,"Temptations Green",,0.0000,
8853301131971,"Pedigree Mother and Baby 1.3kg",,0.0000,
8853301140799,"Whiskas 450g Kitten Ocean Fish",,28.0000,
8853301200875,"Pedigree Meat Jerky Smoky Beef",,12.0000,
8853301200882,"Pedigree Meat Jerky BBQ Chicken",,12.0000,
8853301200899,"Pedigree Meat Jerky Grilled Liver",,12.0000,
8853301200905,"Pedigree Meat Jerky Roasted Lamb",,12.0000,
8853301400084,"Whiskas 3kg Tuna",,27.0000,
8853301530019,"Pedigree Pouch Adult Beef",,12.0000,
8853301530026,"Pedigree Pouch Adult Chicken",,0.0000,
8853301530033,"Pedigree Pouch Adult Smoky Beef Chicken",,12.0000,
8853301530040,"Pedigree Pouch Adult Chicken Liver",,24.0000,
8853301530057,"Pedigree Pouch Puppy Chicken",,0.0000,
8853301530293,"Pedigree Pouch Adult Simmered Beef",,24.0000,
8853301530309,"Pedigree Pouch Adult Liver Vegatable",,23.0000,
8853301550017,"Whiskas Adult Tuna",,108.0000,
8853301550031,"Whiskas Adult Mackerel",,1.0000,
8853301550048,"Whiskas Kitten Tuna",,96.0000,
8853301550055,"Whiskas Adult Ocean Fish",,96.0000,
8853301550079,"Whiskas Adult Mackerel Salmon",,96.0000,
8853301550123,"Whiskas Kitten Mackerel",,96.0000,
8853527033592,"Bok Dok Rabbit Food 1kg",,19.0000,
8853527035107,"Bok Dok Hamster Food 500g",,24.0000,
8855648001962,"Ostech green កំប៉ុង",,0.0000,
8855648001986,"Ostech red កំប៉ុង",,0.0000,
8855648006417,"Ostech 80g Tuna Chicken",,0.0000,
8855648006424,"Ostech 80g Tuna Shrimp",,0.0000,
8855648006431,"Ostech 80g Tuna Seafood",,0.0000,
8855648006455,"Ostech 80g Tuna Shirasu",,0.0000,
8855648006462,"Ostech 80g Tuna Kanikama",,0.0000,
8855648006479,"Ostech 80g Tuna",,0.0000,
8855648006493,"Ostech red កំប៉ុង",,23.0000,
8855648006509,"Ostech Pink កំប៉ុង",,0.0000,
8855648006516,"Ostech Green កំប៉ុង",,0.0000,
8855648006530,"Ostech Blue កំប៉ុង",,0.0000,
8855648006547,"Ostech Purple កំប៉ុង",,0.0000,
8855648006554,"Ostech Light Blue កំប៉ុង",,25.0000,
8855648006561,"Ostech Orange កំប៉ុង",,0.0000,
8856200787614,"Extra Treats Liver",,7.0000,
8856200787621,"Extra Treats Beef",,8.0000,
8856200787638,"Extra Treats Salmon",,8.0000,
8856200787645,"Extra Treats Chicken",,8.0000,
8856200787652,"Extra Treats Pork",,8.0000,
8856527001011,"Prema Lac​  ទឹកដោះពពែ",,0.0000,
8856796000524,"ទឹកដោះពពែ 2.4$ goat milk",,106.0000,
8857122849619,"Maria Dog Tuna Liver",,39.0000,
8857122849626,"Maria Dog Chicken Tuna",,41.0000,
8857122849633,"Maria Dog Chicken Liver",,42.0000,
8857122849640,"Maria Dog Chicken Vegetable",,41.0000,
8857122849657,"Maria Dog Tuna with Salmon",,40.0000,
8857124053199,"Dogster Chicken",,0.0000,
8857124053205,"Dogster Beef Liver",,0.0000,
8857124053212,"Dogster Salmon",,0.0000,
8857124053229,"Dogster Sweet Potato",,0.0000,
8857124053311,"Dogster Lamb Cucumber",,0.0000,
8857124053328,"Dogster Chicken Potato",,0.0000,
8857124053335,"Dogster Pumpkin",,0.0000,
8857124053342,"Dogster Tuna Carrot",,0.0000,
8857127462585,"Moochie Dog Blue Pouch",,0.0000,
8857127462592,"Moochie Dog Pink Pouch",,0.0000,
8857127462608,"Moochie Dog Orange Pouch",,0.0000,
8857127462622,"Moochie Dog Green Pouch",,0.0000,
8857127462639,"Moochie Dog Yellow Pouch",,0.0000,
8857127462929,"Moochie Dog Purple Pouch",,0.0000,
8857200328692,"នំគ្រាប់ឆ្អឹងទឹកដោះពពែ ថង់លឿង Goat Milk Formula",,15.0000,
8858136004193,"Super Cat Blue កំប៉ុង",,0.0000,
8858136004322,"Super Cat Pink កំប៉ុង",,0.0000,
8858767312353,Pizza,,42.0000,
8858767312391,"Milky Chew Milk",,11.0000,
8858767312407,"Milky Chew Milk Big",,12.0000,
8858767312414,"Milky Chew Milk Stick",,4.0000,
8858767312421,"Milky Chew Chicken",,10.0000,
8858767312438,"Milky Chew Chicken Big",,10.0000,
8858767312445,"Milky Chew Chicken Stick",,12.0000,
8858767312810,"Dogaholic Max Bacon",,0.0000,
8858767312827,"Dogaholic Max Bacon",,23.0000,
8858767312858,"Dogaholic Max BBQ",,0.0000,
8858767314470,"Oyatsu Chicken Chip",,0.0000,
8858767314555,"Cataholic Chicken Cube",,23.0000,
8858767314562,"Cataholic Snack",,0.0000,
8858767318928,"Takumi Chicken Jerky",,34.0000,
8858767392386,"Kitty Licks Tuna",,0.0000,
8858767392416,"Kitty Licks Tuna Seafood",,0.0000,
8858767393512,"Superbone Olive",,8.0000,
8858767393529,"Superbone BBQ",,8.0000,
8858767393536,"Superbone Almond",,0.0000,
8858767393543,"Superbone Peanut",,8.0000,
8858767393550,"Superbone Salmon",,7.0000,
8858786705884,"Monchou Tuna Anchovy",,0.0000,
8858786705914,"Monchou Tuna Shrimp",,0.0000,
8858786705945,"Monchou Tuna Seabream",,0.0000,
8858786706003,"Monchou Mackerel Grouper",,0.0000,
8858786706034,"Monchou Chicken Tuna",,0.0000,
8858786706096,"Monchou Tuna Salmon",,0.0000,
8858786709615,"Monchou Kitten Mackerel Tuna",,0.0000,
8858786710130,"Monchou Kitten Tuna Dory",,0.0000,
8858786710192,"Monchou Tuna Mousse",,0.0000,
8858979700047,"MunzNie S Dental Bone Beef",,0.0000,
8858979700061,"MunzNie L Dental Bone Beef",,0.0000,
8858979700078,"MunzNie S Dental Bone Chicken",,0.0000,
8858979700092,"MunzNie L Dental Bone Chicken",,0.0000,
8858979700283,"#15 MunzNie Crocgy Beef S",,0.0000,
8858979700290,"#15 MunzNie Crocgy Chicken S",,33.0000,
8858979700313,"MunzNie Crocgy Beef Big",,14.0000,
8858979700320,"MunzNie Crocgy Chicken Big",,14.0000,
8858979700344,"#16 MunzNie Crocgy Milk S",,32.0000,
8858979700351,"MunzNie Crocgy Milk Big",,14.0000,
8858979700436,"MunzNie S Dental Bone Milk",,0.0000,
8858979700450,"MunzNie L Dental Bone Milk",,0.0000,
8858979700474,"MunzNie Jumbo Size Dental Bone Beef",,0.0000,
8858979700481,"MunzNie Jumbo Size Dental Bone Chicken",,0.0000,
8858979700504,"MunzNie Jumbo Size Dental Bone Milk",,0.0000,
8858979700962,"#5 MunzNie",,9.0000,
8858979701013,"#7 MunzNie",,0.0000,
8858979701020,"#4 MunzNie",,0.0000,
8858979701044,"#1 MunzNie",,11.0000,
8858979701174,"MunzNie Bone 30cm",,0.0000,
8858979701396,"#2 MunzNie",,7.0000,
8858979701426,"#8 MunzNie",,11.0000,
8858979701440,"#6 MunzNie",,0.0000,
8858979701488,"#9 MunzNie",,12.0000,
8858979701525,"#3 MunzNie",,10.0000,
8858979701723,"#13 MunzNie",,0.0000,
8858979701754,"#14 MunzNie",,5.0000,
8858979701785,"#20 MunzNie ចំណិតសាច់មាន់",,5.0000,
8858979701822,"#19 MunzNie ឆ្អឹងតូច 6cm",,0.0000,
8858979701839,"#18 MunzNie ឆ្អឹងកណ្តាល 10cm",,0.0000,
8858979701846,"#10 MunzNie",,6.0000,
8858979701853,"#11 MunzNie",,10.0000,
8858979701952,"#12 MunzNie",,6.0000,
8858979702003,"#17 MunzNie ឆ្អឹងធំ 15cm",,0.0000,
8858979702034,"#23 MunzNie សាច់មាន់dumbell",,6.0000,
8858979702041,"#21 MunzNie ដើមសាច់មាន់",,6.0000,
8858979702065,"#22 MunzNie សាច់មាន់រុំដើមទឹកដោះគោ",,0.0000,
8858979702249,"នំទឹកដៅះពពែគ្រាប់ឆ្អឹង ថង់ផ្ទៃមេឃ Goat Milk Series",,0.0000,
8858979702256,"នំទឹកដៅះពពែដើមវែង ថង់ផ្ទៃមេឃ Goat Milk Series",,0.0000,
8858979702263,"នំទឹកដៅះពពែដើមជ្រុង ថង់ផ្ទៃមេឃ Goat Milk Series",,0.0000,
8858979702270,"នំទឹកដៅះពពែដើមគួច ថង់ផ្ទៃមេឃ Goat Milk Series",,0.0000,
8858979703123,"Goat Milk Series 400g",,0.0000,
8858987308013,"Bok Bok Dried Fish",,0.0000,
8858987308020,"Bok Bok Mini Jerky",,12.0000,
8858987308037,"Bok Bok Cat Powder",,12.0000,
8858987308044,"Bok Bok Tuna Shrimp",,12.0000,
8858987308051,"Bok Bok Salmon Crab",,12.0000,
8858987308068,"Bok Bok Snapper Crab",,0.0000,
8858987309010,"Bok Bok Catnip",,11.0000,
8858987309027,"Bok Bok Matatabi",,25.0000,
8859104006195,"Dog n Joy Dentcare Banana",,11.0000,
8859104006201,"Dog n Joy Dentcare Apple",,12.0000,
8859104006218,"Dog n Joy Dentcare Carrot",,12.0000,
8859104006225,"Dog n Joy Dentcare Strawberry",,11.0000,
8859160400098,"Nekko បបរឆ្មារ Tuna in Jelly",,47.0000,
8859160400104,"Nekko បបរឆ្មារ Tuna Sasami",,0.0000,
8859160400111,"Nekko បបរឆ្មារ Kanikama",,48.0000,
8859160400128,"Nekko បបរឆ្មារ Katsuobushi",,0.0000,
8859160400272,"Toro Creamy Green",,0.0000,
8859160400319,"Nekko Tuna Cheese",,84.0000,
8859160400326,"Nekko Tuna Seaweed",,48.0000,
8859160400333,"Nekko Tuna Shirasu",,48.0000,
8859160400340,"Nekko បបរឆ្មារ Shrimp Scallop in Jelly",,48.0000,
8859160400432,"Nekko Kitten បបរឆ្មារ Chicken Mousse",,46.0000,
8859160400449,"Nekko Kitten បបរឆ្មារ Tuna Mousse",,46.0000,
8859160400531,"Hong Hong សាច់កំប៉ុង Beef and Liver",,24.0000,
8859160400555,"Hong Hong សាច់កំប៉ុង Chucky Beef in Gravy",,47.0000,
8859160400562,"Hong Hong សាច់កំប៉ុង Lamb",,0.0000,
8859160400579,"Meow Meow ត្រីកំប៉ុង",,47.0000,
8859160400586,"Meow Meow ត្រីកំប៉ុង",,0.0000,
8859160400791,"Nekko បបរឆ្មារ Shrimp Scallop in Gravy",,48.0000,
8859160400814,"Nekko បបរឆ្មារ Salmon in Gravy",,48.0000,
8859160400920,"Toro Creamy Purple",,0.0000,
8859160400975,"Nekko Kitten បបរឆ្មារ Tuna Mousse with Goat Milk",,45.0000,
8859160400982,"Nekko Kitten បបរឆ្មារ Tuna Mousse with Salmon",,46.0000,
8859160401019,"Toro Creamy Tuna Tuna Plus Fiber",,9.0000,
8859160401026,"Toro Creamy Tuna and Katsuobushi",,0.0000,
8859160401033,"Toro Creamy Tuna and Salmon",,0.0000,
8859160401057,"Meow Meow Pouch Tuna",,24.0000,
8859160401064,"Meow Meow Pouch Tuna Chicken",,47.0000,
8859160401071,"Meow Meow Pouch Mackerel",,23.0000,
8859160401088,"Meow Meow Pouch Ocean Fish",,23.0000,
8859160401231,"Meow Meow Orange ត្រីកំប៉ុង",,0.0000,
8859160401248,"Meow Meow Green ត្រីកំប៉ុង",,0.0000,
8859160401255,"Meow Meow Red ត្រីកំប៉ុង",,24.0000,
8859160401262,"Meow Meow Purple ត្រីកំប៉ុង",,23.0000,
8859160401286,"Nekko senior 7+ បបរឆ្មារ Chicken in Jelly",,0.0000,
8859160401309,"Nekko Senior 7+ បបរឆ្មារ Katsuobushi",,0.0000,
8859160401514,"Nekko Love Mix 400g Tuna Maguro",,12.0000,
8859160401521,"Nekko Love Mix 400g Salmon",,0.0000,
8859160401538,"Nekko Love Mix 400g Kitten",,24.0000,
8859160401545,"Nekko Love Mix 1.2kg Tuna Maguro",,6.0000,
8859160401552,"Nekko Love Mix 1.2kg Salmon",,5.0000,
8859160401569,"Nekko Love Mix 1.2kg Kitten",,5.0000,
8859160401576,"Nekko Love Mix 3kg Tuna Maguro",,4.0000,
8859160401583,"Nekko Love Mix 3kg Salmon Tuna",,4.0000,
8859160401750,"Toro Super Premium Tuna",,0.0000,
8859160401774,"Toro Super Premium Tuna in Scallop",,0.0000,
8859160401804,"Toro Super Premium Blue",,0.0000,
8859160401897,"Toro Vitamin Orange",,0.0000,
8859160401903,"Toro Vitamin Pink",,24.0000,
8859160401910,"Toro Vitamin Purple",,24.0000,
8859160401965,"Toro Vitamin Red",,0.0000,
8859160401972,"Toro Vitamin Green",,0.0000,
8859160401989,"Toro Vitamin Blue",,0.0000,
8859160402009,"Hong Hong សាច់កំប៉ុង Chucky Turkey in Gravy",,0.0000,
8859160402016,"Hong Hong សាច់កំប៉ុង Chucky Liver in Gravy",,0.0000,
8859160402306,"Meow Meow Pouch Tuna Salmon",,24.0000,
8859160402313,"Meow Meow Pouch Seafood Cocktail",,0.0000,
8859160402320,"Meow Meow Pouch Kitten Tuna Chicken",,23.0000,
8859160402337,"Meow Meow Pouch Kitten Tuna Chicken",,24.0000,
8859160402344,"Hong Hong Puppy Chicken Goat Milk Egg ចំណីសើម",,48.0000,
8859160402351,"Hong Hong Puppy Chicken Liver ចំណីសើម",,46.0000,
8859160402368,"Hong Hong Adult Beef Chunk ចំណីសើម",,36.0000,
8859160402375,"Hong Hong Adult Lamb ចំណីសើម",,72.0000,
8859160402382,"Hong Hong Adult Chicken&Liver ចំណីសើម",,24.0000,
8859160402399,"Hong Hong Adult Chicken Vegetable ចំណីសើម",,36.0000,
8859160402405,"Hong Hong Adult Beef&Liver ចំណីសើម",,24.0000,
8859160402412,"Hong Hong Adult Chicken Liver ចំណីសើម",,12.0000,
8859160402641,"Nekko Kitten Tuna in Gravy",,0.0000,
8859160402658,"Nekko Kitten Tuna Salmon Gravy",,45.0000,
8859160402665,"Nekko Kitten Tuna Chicken",,45.0000,
8859160402672,"Hercules Puppy Beef ចំណីសើម",,24.0000,
8859160402689,"Hercules Puppy Chicken Salmon ចំណីសើម",,23.0000,
8859160402696,"Hercules Adult Beef ចំណីសើម",,24.0000,
8859160402702,"Hercules Adult Chicken Salmon ចំណីសើម",,24.0000,
8859160402719,"Hercules Adult Lamb ចំណីសើម",,0.0000,
8859160402733,"Hercules Adult Chicken Salmon ចំណីសើម",,24.0000,
8859160402788,"Hercules Canned Food Chicken Vegetable",,0.0000,
8859160402818,"Hercules Canned Food Beef Chicken",,0.0000,
8859160402832,"Hercules Canned Food Beef Salmon Vegetable",,0.0000,
8859160402849,"Nekko Love Mix 400g Indoor",,12.0000,
8859160402856,"Nekko Love Mix 1.2kg Indoor",,6.0000,
8859160402863,"Nekko Love Mix 3kg Kitten",,4.0000,
8859160402870,"Nekko Love Mix 3kg Indoor",,16.0000,
8859160480816,"Nekko បបរឆ្មារ",,0.0000,
8859268200156,"Likkey Sausage Liver",,0.0000,
8859268200187,"Likkey Sausage Tuna",,12.0000,
8859268200194,"Likkey Sausage Vegetable",,12.0000,
8859268200200,"Likkey Sausage Cheese",,12.0000,
8859268200217,"Likkey Sausage Chicken",,0.0000,
8859284600282,"O3 Vit Cat",,100.0000,
8859284600299,"O3 Vit Dog",,89.0000,
8859306690208,"Starry Goat Milk",,10.0000,
8859306690215,"Starry Fresh Mint",,1.0000,
8859306690222,"Starry Mix Berry",,5.0000,
8859387701510,"INABA Churu Dog Chicken with Vegetables",,3.0000,
8859387701527,"INABA Churu Dog Chicken with Cartilage",,0.0000,
8859387701534,"INABA Churu Dog Collagen",,3.0000,
8859387701541,"INABA Churu Dog Calcium",,0.0000,
8859387701961,"Churu Creamy Treat Tuna Katsuo",,6.0000,
8859387701978,"Churu Creamy Treat Chicken Fillet ",,6.0000,
8859387701985,"Churu Creamy Treat Tuna with Collagen",,6.0000,
8859601041002,"Prama Salami",,18.0000,
8859601041019,"Prama Bacon",,7.0000,
8859601041026,"Prama Beef",,23.0000,
8859601041033,"Prama Chicken Pate",,19.0000,
8859601041040,"Prama Milk",,8.0000,
8859601041057,"Prama Salmon",,5.0000,
8859601041064,"Prama Strawberry",,16.0000,
8859601041071,"Prama Blueberry",,11.0000,
8859601041095,"Prama Banana",,18.0000,
8859601041101,"Prama Mango",,12.0000,
8859601041330,"Prama Bacon Egg",,24.0000,
8859601041347,"Prama Maguro",,9.0000,
8859601041354,"Prama Takoyaki",,10.0000,
8859601041361,"Prama Seaweed",,10.0000,
8859601044232,"Pramy Pouch Kitten Multi Vitamin",,48.0000,
8859601044249,"Pramy Pouch Taurine",,48.0000,
8859601044256,"Pramy Pouch Kitten Growth",,48.0000,
8859601044263,"Pramy Pouch Maintenance",,36.0000,
8859601044270,"Pramy Pouch Hairball",,36.0000,
8859601044294,"Pramy Pouch Sterilized",,48.0000,
8859601044317,"Pramy Pouch Skin Coat",,36.0000,
8859601044607,"Pramy Creamy Green",,30.0000,
8859601044614,"Pramy Creamy Orange",,0.0000,
8859601044621,"Pramy Creamy Red",,31.0000,
8859601044638,"Pramy Creamy Blue",,30.0000,
8859601047929,"Buddy Sprinkle Cheesy Chicken",,0.0000,
8859601047943,"Buddy Sprinkle Tuna",,0.0000,
8859601047967,"Buddy Sprinkle Catnip",,0.0000,
8859710201670,"Moochie Creamy Small Orange",,6.0000,
8859710201687,"Moochie Creamy Small Sea Blue",,4.0000,
8859710201694,"Moochie Creamy Small Blue-Yellow",,6.0000,
8859710201700,"Moochie Creamy Small Pink",,6.0000,
8859710201717,"Moochie Creamy Small Dark Blue",,6.0000,
8859710201724,"Moochie Creamy Small Dark Purple",,6.0000,
8859710201755,"Moochie Creamy Small Blue-Pink",,6.0000,
8859710201762,"Moochie Creamy Small Purple",,6.0000,
8859710201779,"Moochie Creamy Small Green",,6.0000,
8859710201786,"Moochie Creamy Small Red",,6.0000,
8859710201939,"Moochie Broths Green",,16.0000,
8859710201960,"Moochie Broths Purple",,32.0000,
8859710201977,"Moochie Broths Yellow",,32.0000,
8859710201991,"Moochie Broths Orange",,32.0000,
8859710202004,"Moochie Broths Blue",,32.0000,
8859710202028,"Moochie Broths Pink",,31.0000,
8859710202776,"Moochie Creamy Big Orange",,4.0000,
8859710202783,"Moochie Creamy Big Sea Blue",,4.0000,
8859710202790,"Moochie Creamy Big Sea Blue-Yellow",,4.0000,
8859710202806,"Moochie Creamy Big Pink",,2.0000,
8859710202813,"Moochie Creamy Big Dark Blue",,4.0000,
8859710202820,"Moochie Creamy Big Dark Purple",,4.0000,
8859710202837,"Moochie Creamy Big Blue-Pink",,4.0000,
8859710202844,"Moochie Creamy Big Purple",,32.0000,
8859710202851,"Moochie Creamy Big Green",,3.0000,
8859710202868,"Moochie Creamy Big Red",,4.0000,
8886432311707,"Happi Doggy Apple",,0.0000,
8886432311714,"Happi Doggy Strawberry",,0.0000,
8886432311721,"Happi Doggy Mint",,0.0000,
8886432311738,"Happi Doggy Milk",,0.0000,
8938509770082,"Ganador Lamb&Rice Adult 20kg",,1.0000,
8938509770129,"Ganador Milk DHA Puppy 20kg",,1.0000,
8938509770136,"Minino Yum 500g",,40.0000,
8938509770143,"Minino Yum 1.5kg",,4.0000,
8938509770167,"Minino Tuna 1.3kg",,0.0000,
8938509770174,"Minino Tuna 480g",,32.0000,
8938509770327,"Ganador Chicken Adult 400g",,0.0000,
8938509770334,"Ganador Chicken Adult 3kg",,3.0000,
8938509770358,"Ganador Chicken Adult 20kg",,0.0000,
8938509770365,"Ganador Egg Milk Puppy 400g",,12.0000,
8938509770372,"Ganador Egg Milk Puppy 3kg",,4.0000,
8938509770396,"Ganador Egg Milk Puppy 20kg",,4.0000,
8938509770457,"Ganador Lamb&Rice Adult 400g",,0.0000,
8938509770464,"Ganador Lamb&Rice Adult 3kg",,4.0000,
8938509770488,"Ganador Milk DHA Puppy 400g",,0.0000,
8938509770495,"Ganador Milk DHA Puppy 3kg",,4.0000,
8938509770631,"Minino Plus 1.5kg",,0.0000,
9003579000410,"Hairball Wet Food Royal Canin",,0.0000,
9003579008218,"Wet Food Mini Puppy 85g Royal Canin",,24.0000,
9003579008256,"Wet Food Mini Adult 85g Royal Canin",,0.0000,
9003579008331,"Wet Food Medium Puppy 140g Royal Canin",,0.0000,
9003579008379,"Wet Food Medium Adult 140g Royal Canin",,0.0000,
9003579008454,"Wet Food Maxi Puppy 140g Royal Canin",,19.0000,
9003579008492,"Wet Food Maxi Adult 140g Royal Canin",,0.0000,
9003579018514,"Sensory Smell Royal Canin",,0.0000,
9003579018835,"Sensory Smell Royal Canin",,0.0000,
9003579018866,"Sensory Taste Royal Canin",,0.0000,
9003579018910,"Sensory Taste Royal Canin",,0.0000,
9003579018941,"Sensory Feel Royal Canin",,0.0000,
9003579018996,"Sensory Feel Royal Canin",,0.0000,
9003579308769,"Light Weight Royal Canin",,0.0000,
9003579308929,"Wet Food Beauty Cat Royal Canin",,24.0000,
9003579308936,"Wet Food Instinctive Cat Royal Canin",,0.0000,
9003579308943,"Wet Food Kitten Gravy Royal Canin",,48.0000,
9003579309513,"Wet Food Instinctive Cat Royal Canin",,0.0000,
9003579311660,"Mother Baby Can 198g Royal Canin",,0.0000,
9003579311714,"Wet Food Kitten Cat Royal Canin",,0.0000,
9003579311721,"Wet Food Beauty Cat Royal Canin",,0.0000,
9310022726408,"Pedigree Beef 400g",,0.0000,
9310022726507,"Pedigree Chicken 400g",,0.0000,
9310022735806,"Pedigree Puppy 400g",,0.0000,
9310022735905,"Pedigree Beef in Sauce 400g",,0.0000,
9310022866203,"Whiskas 1.2kg Tuna",,0.0000,
9334214022932,"Pedigree Adult 3kg",,0.0000,
9334214032061,"Pedigree Meat Jerky Ham and Cheese",,0.0000,
9334214036496,"Cesar សាច់កំប៉ុង ប៉ាតេថ្លើម liver Pate",,0.0000,
9334214036540,"Cesar សាច់កំប៉ុង មាន់&ថ្លើម Chicken liver Pate",,0.0000,
93362986,"Cesar សាច់កំប៉ុង សាច់គោ ថ្លើម Beef&Liver",,0.0000,
93362993,"Cesar សាច់កំប៉ុង សាច់មាន់ Chicken",,0.0000,
93370868,"Cesar សាច់កំប៉ុង ចៀម Lamb",,0.0000,
93432641,"Cesar សាច់កំប៉ុង សាច់គោ សាច់មាន់ Beef Chicken",,0.0000,
93468015,"Cesar សាច់កំប៉ុង Chicken Cheese",,0.0000,
A200200,"Smartheart Puppy 200g",,0.0000,
B500500,"Gastro Dog 500g",,0.0000,
c00002,"Royal Canin Mini Puppy 500g tester",,0.0000,
c00003,"Royal Canin Tester MAX AD 1kg",,20.0000,
c00004,"Royal Canin Tester MAX PUP 1kg",,12.0000,
c00005,"Royal Canin Tester PUG PUP 500g",,11.0000,
T62427386,"SmartHeart Power Pack Adult 500g",,0.0000,
